PRAGMA foreign_keys=OFF;
BEGIN TRANSACTION;
CREATE TABLE "django_migrations" ("id" integer NOT NULL PRIMARY KEY AUTOINCREMENT, "app" varchar(255) NOT NULL, "name" varchar(255) NOT NULL, "applied" datetime NOT NULL);
INSERT INTO "django_migrations" VALUES(1,'contenttypes','0001_initial','2018-02-20 19:05:23.136521');
INSERT INTO "django_migrations" VALUES(2,'auth','0001_initial','2018-02-20 19:05:23.159627');
INSERT INTO "django_migrations" VALUES(3,'admin','0001_initial','2018-02-20 19:05:23.175497');
INSERT INTO "django_migrations" VALUES(4,'admin','0002_logentry_remove_auto_add','2018-02-20 19:05:23.191496');
INSERT INTO "django_migrations" VALUES(5,'contenttypes','0002_remove_content_type_name','2018-02-20 19:05:23.232465');
INSERT INTO "django_migrations" VALUES(6,'auth','0002_alter_permission_name_max_length','2018-02-20 19:05:23.244582');
INSERT INTO "django_migrations" VALUES(7,'auth','0003_alter_user_email_max_length','2018-02-20 19:05:23.260706');
INSERT INTO "django_migrations" VALUES(8,'auth','0004_alter_user_username_opts','2018-02-20 19:05:23.277530');
INSERT INTO "django_migrations" VALUES(9,'auth','0005_alter_user_last_login_null','2018-02-20 19:05:23.294224');
INSERT INTO "django_migrations" VALUES(10,'auth','0006_require_contenttypes_0002','2018-02-20 19:05:23.296486');
INSERT INTO "django_migrations" VALUES(11,'auth','0007_alter_validators_add_error_messages','2018-02-20 19:05:23.317602');
INSERT INTO "django_migrations" VALUES(12,'auth','0008_alter_user_username_max_length','2018-02-20 19:05:23.336043');
INSERT INTO "django_migrations" VALUES(13,'auth','0009_alter_user_last_name_max_length','2018-02-20 19:05:23.356615');
INSERT INTO "django_migrations" VALUES(14,'products','0001_initial','2018-02-20 19:05:23.363074');
INSERT INTO "django_migrations" VALUES(15,'sessions','0001_initial','2018-02-20 19:05:23.367674');
INSERT INTO "django_migrations" VALUES(16,'products','0002_auto_20180221_1246','2018-02-21 12:47:12.287314');
INSERT INTO "django_migrations" VALUES(17,'products','0003_product_price','2018-02-21 13:49:04.570037');
INSERT INTO "django_migrations" VALUES(18,'products','0004_auto_20180221_1423','2018-02-21 14:24:03.479216');
INSERT INTO "django_migrations" VALUES(19,'products','0005_auto_20180221_1949','2018-02-21 20:28:38.553843');
INSERT INTO "django_migrations" VALUES(20,'products','0006_auto_20180221_1950','2018-02-21 20:28:38.558351');
INSERT INTO "django_migrations" VALUES(21,'products','0007_auto_20180221_1956','2018-02-21 20:28:38.561436');
INSERT INTO "django_migrations" VALUES(22,'products','0008_auto_20180221_1958','2018-02-21 20:28:38.564685');
INSERT INTO "django_migrations" VALUES(23,'products','0009_remove_category_slug','2018-02-21 20:28:38.566852');
INSERT INTO "django_migrations" VALUES(24,'products','0010_category_slug','2018-02-21 20:30:01.919205');
INSERT INTO "django_migrations" VALUES(25,'products','0011_remove_category_slug','2018-02-21 20:30:12.373204');
INSERT INTO "django_migrations" VALUES(26,'products','0009_auto_20180221_2035','2018-02-21 20:35:02.407429');
INSERT INTO "django_migrations" VALUES(27,'products','0010_product_image','2018-02-21 21:02:51.845356');
INSERT INTO "django_migrations" VALUES(28,'products','0011_auto_20180221_2306','2018-02-21 23:06:28.399248');
INSERT INTO "django_migrations" VALUES(29,'products','0011_auto_20180222_0009','2018-02-22 00:10:02.245623');
INSERT INTO "django_migrations" VALUES(30,'products','0012_product_slug','2018-02-22 00:16:49.708153');
INSERT INTO "django_migrations" VALUES(31,'products','0013_remove_product_slug','2018-02-22 00:17:11.092633');
INSERT INTO "django_migrations" VALUES(32,'products','0014_product_slug','2018-02-22 11:20:29.204147');
INSERT INTO "django_migrations" VALUES(33,'products','0015_remove_category_description','2018-02-24 03:23:28.938528');
INSERT INTO "django_migrations" VALUES(34,'products','0002_order','2018-02-28 13:27:48.821844');
INSERT INTO "django_migrations" VALUES(35,'products','0002_auto_20180301_2106','2018-03-01 21:06:54.043735');
CREATE TABLE "auth_group" ("id" integer NOT NULL PRIMARY KEY AUTOINCREMENT, "name" varchar(80) NOT NULL UNIQUE);
CREATE TABLE "auth_group_permissions" ("id" integer NOT NULL PRIMARY KEY AUTOINCREMENT, "group_id" integer NOT NULL REFERENCES "auth_group" ("id") DEFERRABLE INITIALLY DEFERRED, "permission_id" integer NOT NULL REFERENCES "auth_permission" ("id") DEFERRABLE INITIALLY DEFERRED);
CREATE TABLE "auth_user_groups" ("id" integer NOT NULL PRIMARY KEY AUTOINCREMENT, "user_id" integer NOT NULL REFERENCES "auth_user" ("id") DEFERRABLE INITIALLY DEFERRED, "group_id" integer NOT NULL REFERENCES "auth_group" ("id") DEFERRABLE INITIALLY DEFERRED);
CREATE TABLE "auth_user_user_permissions" ("id" integer NOT NULL PRIMARY KEY AUTOINCREMENT, "user_id" integer NOT NULL REFERENCES "auth_user" ("id") DEFERRABLE INITIALLY DEFERRED, "permission_id" integer NOT NULL REFERENCES "auth_permission" ("id") DEFERRABLE INITIALLY DEFERRED);
CREATE TABLE "django_admin_log" ("id" integer NOT NULL PRIMARY KEY AUTOINCREMENT, "object_id" text NULL, "object_repr" varchar(200) NOT NULL, "action_flag" smallint unsigned NOT NULL, "change_message" text NOT NULL, "content_type_id" integer NULL REFERENCES "django_content_type" ("id") DEFERRABLE INITIALLY DEFERRED, "user_id" integer NOT NULL REFERENCES "auth_user" ("id") DEFERRABLE INITIALLY DEFERRED, "action_time" datetime NOT NULL);
INSERT INTO "django_admin_log" VALUES(1,'1','Product object (1)',1,'[{"added": {}}]',1,1,'2018-02-20 19:07:44.832881');
INSERT INTO "django_admin_log" VALUES(2,'1','Product object (1)',2,'[]',1,1,'2018-02-20 19:18:40.495767');
INSERT INTO "django_admin_log" VALUES(3,'2','Product object (2)',1,'[{"added": {}}]',1,1,'2018-02-20 19:19:03.230458');
INSERT INTO "django_admin_log" VALUES(4,'1','Category object (1)',1,'[{"added": {}}]',8,1,'2018-02-21 12:47:42.386802');
INSERT INTO "django_admin_log" VALUES(5,'1','Product object (1)',2,'[{"changed": {"fields": ["category"]}}]',1,1,'2018-02-21 12:47:43.305627');
INSERT INTO "django_admin_log" VALUES(6,'1','Product object (1)',2,'[{"changed": {"fields": ["title", "price"]}}]',1,1,'2018-02-21 13:50:00.935655');
INSERT INTO "django_admin_log" VALUES(7,'1','Product object (1)',2,'[]',1,1,'2018-02-21 14:24:19.747829');
INSERT INTO "django_admin_log" VALUES(8,'2','Product 2 test',2,'[{"changed": {"fields": ["category", "price"]}}]',1,1,'2018-02-21 16:39:08.513028');
INSERT INTO "django_admin_log" VALUES(9,'2','iPhone 7',2,'[{"changed": {"fields": ["title"]}}]',1,1,'2018-02-21 16:39:22.096969');
INSERT INTO "django_admin_log" VALUES(10,'1','Phones',2,'[{"changed": {"fields": ["slug"]}}]',8,1,'2018-02-21 20:35:36.324899');
INSERT INTO "django_admin_log" VALUES(11,'1','Phones',2,'[{"changed": {"fields": ["slug"]}}]',8,1,'2018-02-21 20:36:06.707815');
INSERT INTO "django_admin_log" VALUES(12,'2','iPhone 7',2,'[{"changed": {"fields": ["image"]}}]',1,1,'2018-02-21 21:03:41.006598');
INSERT INTO "django_admin_log" VALUES(13,'1','iPhone X',2,'[{"changed": {"fields": ["image"]}}]',1,1,'2018-02-21 21:08:15.567715');
INSERT INTO "django_admin_log" VALUES(14,'2','iPhone 7',2,'[{"changed": {"fields": ["image"]}}]',1,1,'2018-02-21 22:16:50.707942');
INSERT INTO "django_admin_log" VALUES(15,'1','iPhone X',2,'[{"changed": {"fields": ["image"]}}]',1,1,'2018-02-21 22:20:29.688080');
INSERT INTO "django_admin_log" VALUES(16,'2','iPhone 7',2,'[{"changed": {"fields": ["image"]}}]',1,1,'2018-02-21 22:22:24.880019');
INSERT INTO "django_admin_log" VALUES(17,'1','iPhone X',2,'[{"changed": {"fields": ["image"]}}]',1,1,'2018-02-21 22:22:42.155750');
INSERT INTO "django_admin_log" VALUES(18,'1','iPhone X',2,'[{"changed": {"fields": ["description"]}}]',1,1,'2018-02-21 22:56:38.304598');
INSERT INTO "django_admin_log" VALUES(19,'2','iPhone 7',2,'[{"changed": {"fields": ["description"]}}]',1,1,'2018-02-21 22:56:59.496386');
INSERT INTO "django_admin_log" VALUES(20,'2','Tablets',1,'[{"added": {}}]',8,1,'2018-02-21 23:04:46.191712');
INSERT INTO "django_admin_log" VALUES(21,'2','iPhone 7',2,'[{"changed": {"fields": ["slug"]}}]',1,1,'2018-02-21 23:06:43.992077');
INSERT INTO "django_admin_log" VALUES(22,'1','iPhone X',2,'[{"changed": {"fields": ["slug"]}}]',1,1,'2018-02-21 23:06:53.994646');
INSERT INTO "django_admin_log" VALUES(23,'3','iphone 111',1,'[{"added": {}}]',1,1,'2018-02-22 00:10:30.871086');
INSERT INTO "django_admin_log" VALUES(24,'3','iphone 111',2,'[{"changed": {"fields": ["slug"]}}]',1,1,'2018-02-22 11:24:26.395860');
INSERT INTO "django_admin_log" VALUES(25,'2','iPhone 7',2,'[{"changed": {"fields": ["slug"]}}]',1,1,'2018-02-22 11:24:42.881926');
INSERT INTO "django_admin_log" VALUES(26,'1','iPhone X',2,'[{"changed": {"fields": ["slug"]}}]',1,1,'2018-02-22 11:24:50.915050');
INSERT INTO "django_admin_log" VALUES(27,'1','Phones',2,'[{"changed": {"fields": ["slug"]}}]',8,1,'2018-02-22 11:52:12.294796');
INSERT INTO "django_admin_log" VALUES(28,'4','iPad Pro',1,'[{"added": {}}]',1,1,'2018-02-22 11:53:29.721690');
INSERT INTO "django_admin_log" VALUES(29,'2','Tablets',2,'[{"changed": {"fields": ["slug"]}}]',8,1,'2018-02-22 11:54:05.926924');
INSERT INTO "django_admin_log" VALUES(30,'4','iPad Pro',2,'[{"changed": {"fields": ["image"]}}]',1,1,'2018-02-22 11:55:18.468602');
INSERT INTO "django_admin_log" VALUES(31,'4','iPad Pro',2,'[{"changed": {"fields": ["description"]}}]',1,1,'2018-02-22 12:15:52.300622');
INSERT INTO "django_admin_log" VALUES(32,'3','iphone 111',2,'[{"changed": {"fields": ["description"]}}]',1,1,'2018-02-22 12:16:03.448901');
INSERT INTO "django_admin_log" VALUES(33,'2','iPhone 7',2,'[{"changed": {"fields": ["description"]}}]',1,1,'2018-02-22 12:16:12.391241');
INSERT INTO "django_admin_log" VALUES(34,'1','iPhone X',2,'[{"changed": {"fields": ["description"]}}]',1,1,'2018-02-22 12:16:21.734699');
INSERT INTO "django_admin_log" VALUES(35,'3','iPhone SE',2,'[{"changed": {"fields": ["title", "description"]}}]',1,1,'2018-02-22 12:18:12.803248');
INSERT INTO "django_admin_log" VALUES(36,'2','Tablets',2,'[{"changed": {"fields": ["slug"]}}]',8,1,'2018-02-22 18:51:31.630692');
INSERT INTO "django_admin_log" VALUES(37,'2','Tablets',2,'[{"changed": {"fields": ["slug"]}}]',8,1,'2018-02-22 18:52:38.183723');
INSERT INTO "django_admin_log" VALUES(38,'4','iPad Pro',2,'[{"changed": {"fields": ["image"]}}]',1,1,'2018-02-22 18:58:07.027275');
INSERT INTO "django_admin_log" VALUES(39,'5','iPad 9.7"',1,'[{"added": {}}]',1,1,'2018-02-22 18:58:48.644848');
INSERT INTO "django_admin_log" VALUES(40,'5','iPad 9.7"',2,'[{"changed": {"fields": ["image"]}}]',1,1,'2018-02-22 18:59:06.218132');
INSERT INTO "django_admin_log" VALUES(41,'3','iPhone SE',2,'[{"changed": {"fields": ["image"]}}]',1,1,'2018-02-23 01:11:06.366573');
INSERT INTO "django_admin_log" VALUES(42,'3','iPhone SE',2,'[{"changed": {"fields": ["image"]}}]',1,1,'2018-02-23 01:11:53.956560');
INSERT INTO "django_admin_log" VALUES(43,'3','Mac',1,'[{"added": {}}]',8,1,'2018-02-23 01:13:00.915030');
INSERT INTO "django_admin_log" VALUES(44,'6','MacBook Pro 15" 2016',1,'[{"added": {}}]',1,1,'2018-02-23 01:14:17.368298');
INSERT INTO "django_admin_log" VALUES(45,'6','MacBook Pro 15" 2016',2,'[{"changed": {"fields": ["image"]}}]',1,1,'2018-02-23 01:14:28.603062');
INSERT INTO "django_admin_log" VALUES(46,'4','iPad Pro',2,'[{"changed": {"fields": ["price"]}}]',1,1,'2018-02-23 01:14:49.818085');
INSERT INTO "django_admin_log" VALUES(47,'6','MacBook Pro 15" 2016',2,'[{"changed": {"fields": ["description"]}}]',1,1,'2018-02-23 03:01:54.508754');
INSERT INTO "django_admin_log" VALUES(48,'5','iPad 9.7"',2,'[{"changed": {"fields": ["description"]}}]',1,1,'2018-02-23 03:01:58.214376');
INSERT INTO "django_admin_log" VALUES(49,'4','iPad Pro',2,'[{"changed": {"fields": ["description"]}}]',1,1,'2018-02-23 03:02:01.856457');
INSERT INTO "django_admin_log" VALUES(50,'3','iPhone SE',2,'[{"changed": {"fields": ["description"]}}]',1,1,'2018-02-23 03:02:05.714966');
INSERT INTO "django_admin_log" VALUES(51,'2','iPhone 7',2,'[{"changed": {"fields": ["description"]}}]',1,1,'2018-02-23 03:02:09.406497');
INSERT INTO "django_admin_log" VALUES(52,'1','iPhone X',2,'[{"changed": {"fields": ["description"]}}]',1,1,'2018-02-23 03:02:13.285539');
INSERT INTO "django_admin_log" VALUES(53,'3','Notebooks',2,'[{"changed": {"fields": ["title", "slug"]}}]',8,1,'2018-02-23 16:45:44.921131');
INSERT INTO "django_admin_log" VALUES(54,'7','MacBook Air 13" 2015',1,'[{"added": {}}]',1,1,'2018-02-23 23:18:34.768507');
INSERT INTO "django_admin_log" VALUES(55,'7','MacBook Air 13" 2015',2,'[{"changed": {"fields": ["description"]}}]',1,1,'2018-02-23 23:19:03.886883');
INSERT INTO "django_admin_log" VALUES(56,'8','iPhone 7 Plus',1,'[{"added": {}}]',1,1,'2018-02-23 23:59:23.247704');
INSERT INTO "django_admin_log" VALUES(57,'9','iPhone 8',1,'[{"added": {}}]',1,1,'2018-02-24 00:00:24.903828');
INSERT INTO "django_admin_log" VALUES(58,'10','Google Pixel 2',1,'[{"added": {}}]',1,1,'2018-02-24 00:04:24.655429');
INSERT INTO "django_admin_log" VALUES(59,'11','Xiaomi Mi Mix 2',1,'[{"added": {}}]',1,1,'2018-02-24 00:09:20.215340');
INSERT INTO "django_admin_log" VALUES(60,'12','iPad Air 2',1,'[{"added": {}}]',1,1,'2018-02-24 11:40:31.495712');
INSERT INTO "django_admin_log" VALUES(61,'8','iPhone 7 Plus',2,'[{"changed": {"fields": ["description"]}}]',1,1,'2018-02-24 20:33:14.675585');
INSERT INTO "django_admin_log" VALUES(62,'12','iPad Air 2',2,'[{"changed": {"fields": ["description"]}}]',1,1,'2018-02-24 23:03:20.859152');
INSERT INTO "django_admin_log" VALUES(63,'11','Xiaomi Mi Mix 2',2,'[{"changed": {"fields": ["description"]}}]',1,1,'2018-02-24 23:03:24.945441');
INSERT INTO "django_admin_log" VALUES(64,'8','iPhone 7 Plus',2,'[{"changed": {"fields": ["description"]}}]',1,1,'2018-02-24 23:03:40.295419');
INSERT INTO "django_admin_log" VALUES(65,'3','iPhone SE',2,'[{"changed": {"fields": ["image"]}}]',1,1,'2018-02-27 18:14:59.672076');
INSERT INTO "django_admin_log" VALUES(66,'4','PCs',1,'[{"added": {}}]',8,1,'2018-02-27 18:15:18.103662');
INSERT INTO "django_admin_log" VALUES(67,'13','Mac Pro',1,'[{"added": {}}]',1,1,'2018-02-27 18:15:37.378854');
INSERT INTO "django_admin_log" VALUES(68,'1','admin',2,'[{"changed": {"fields": ["password"]}}]',5,1,'2018-03-01 17:08:10.018110');
INSERT INTO "django_admin_log" VALUES(69,'5','Order object (5)',2,'[{"changed": {"fields": ["user"]}}]',9,1,'2018-03-01 21:13:14.943086');
CREATE TABLE "django_content_type" ("id" integer NOT NULL PRIMARY KEY AUTOINCREMENT, "app_label" varchar(100) NOT NULL, "model" varchar(100) NOT NULL);
INSERT INTO "django_content_type" VALUES(1,'products','product');
INSERT INTO "django_content_type" VALUES(2,'admin','logentry');
INSERT INTO "django_content_type" VALUES(3,'auth','permission');
INSERT INTO "django_content_type" VALUES(4,'auth','group');
INSERT INTO "django_content_type" VALUES(5,'auth','user');
INSERT INTO "django_content_type" VALUES(6,'contenttypes','contenttype');
INSERT INTO "django_content_type" VALUES(7,'sessions','session');
INSERT INTO "django_content_type" VALUES(8,'products','category');
INSERT INTO "django_content_type" VALUES(9,'products','order');
CREATE TABLE "auth_permission" ("id" integer NOT NULL PRIMARY KEY AUTOINCREMENT, "content_type_id" integer NOT NULL REFERENCES "django_content_type" ("id") DEFERRABLE INITIALLY DEFERRED, "codename" varchar(100) NOT NULL, "name" varchar(255) NOT NULL);
INSERT INTO "auth_permission" VALUES(1,1,'add_product','Can add product');
INSERT INTO "auth_permission" VALUES(2,1,'change_product','Can change product');
INSERT INTO "auth_permission" VALUES(3,1,'delete_product','Can delete product');
INSERT INTO "auth_permission" VALUES(4,2,'add_logentry','Can add log entry');
INSERT INTO "auth_permission" VALUES(5,2,'change_logentry','Can change log entry');
INSERT INTO "auth_permission" VALUES(6,2,'delete_logentry','Can delete log entry');
INSERT INTO "auth_permission" VALUES(7,3,'add_permission','Can add permission');
INSERT INTO "auth_permission" VALUES(8,3,'change_permission','Can change permission');
INSERT INTO "auth_permission" VALUES(9,3,'delete_permission','Can delete permission');
INSERT INTO "auth_permission" VALUES(10,4,'add_group','Can add group');
INSERT INTO "auth_permission" VALUES(11,4,'change_group','Can change group');
INSERT INTO "auth_permission" VALUES(12,4,'delete_group','Can delete group');
INSERT INTO "auth_permission" VALUES(13,5,'add_user','Can add user');
INSERT INTO "auth_permission" VALUES(14,5,'change_user','Can change user');
INSERT INTO "auth_permission" VALUES(15,5,'delete_user','Can delete user');
INSERT INTO "auth_permission" VALUES(16,6,'add_contenttype','Can add content type');
INSERT INTO "auth_permission" VALUES(17,6,'change_contenttype','Can change content type');
INSERT INTO "auth_permission" VALUES(18,6,'delete_contenttype','Can delete content type');
INSERT INTO "auth_permission" VALUES(19,7,'add_session','Can add session');
INSERT INTO "auth_permission" VALUES(20,7,'change_session','Can change session');
INSERT INTO "auth_permission" VALUES(21,7,'delete_session','Can delete session');
INSERT INTO "auth_permission" VALUES(22,8,'add_category','Can add category');
INSERT INTO "auth_permission" VALUES(23,8,'change_category','Can change category');
INSERT INTO "auth_permission" VALUES(24,8,'delete_category','Can delete category');
INSERT INTO "auth_permission" VALUES(25,9,'add_order','Can add order');
INSERT INTO "auth_permission" VALUES(26,9,'change_order','Can change order');
INSERT INTO "auth_permission" VALUES(27,9,'delete_order','Can delete order');
CREATE TABLE "auth_user" ("id" integer NOT NULL PRIMARY KEY AUTOINCREMENT, "password" varchar(128) NOT NULL, "last_login" datetime NULL, "is_superuser" bool NOT NULL, "username" varchar(150) NOT NULL UNIQUE, "first_name" varchar(30) NOT NULL, "email" varchar(254) NOT NULL, "is_staff" bool NOT NULL, "is_active" bool NOT NULL, "date_joined" datetime NOT NULL, "last_name" varchar(150) NOT NULL);
INSERT INTO "auth_user" VALUES(1,'pbkdf2_sha256$100000$5e5qInFjwTiI$2Tg0359IvVzUcrOC86EboSTOuAIr12s8Vhhl0644P9c=','2018-03-01 18:16:17.498782',1,'admin','','mrarsew@gmail.com',1,1,'2018-02-20 19:05:59.398098','');
INSERT INTO "auth_user" VALUES(2,'pbkdf2_sha256$100000$lmNpjY6XGjdl$xXfhDI4r2MgsRfFYgEuvkwNKIpdI36qwyMImuJCjsxo=','2018-03-01 18:16:28.664665',0,'bagratuny','','',0,1,'2018-03-01 17:55:11.084774','');
CREATE TABLE "django_session" ("session_key" varchar(40) NOT NULL PRIMARY KEY, "session_data" text NOT NULL, "expire_date" datetime NOT NULL);
INSERT INTO "django_session" VALUES('dkfetor6y23r5iczggopg17oc671vmcg','YjZkMDgyNzhjMDhiMzE5OWIxZmMwMDEwMWY0ZjAxODAzNDljYTMwMTp7Il9hdXRoX3VzZXJfaWQiOiIxIiwiX2F1dGhfdXNlcl9iYWNrZW5kIjoiZGphbmdvLmNvbnRyaWIuYXV0aC5iYWNrZW5kcy5Nb2RlbEJhY2tlbmQiLCJfYXV0aF91c2VyX2hhc2giOiI5ZTYwNDU4YTQ0YTQzYzQ3OWZlNDRmOTVjOWJlNTZmOTZmNTI0OTE3In0=','2018-03-15 18:16:17.500757');
INSERT INTO "django_session" VALUES('yxqgogl1ciaez09r10y4mkv02n0r0q0n','NGQyYmIxNTZhZDQ1YTE1NGI4NGNlZGFlZTliMmZjNzYxYmMzNDNjMzp7Il9hdXRoX3VzZXJfaWQiOiIyIiwiX2F1dGhfdXNlcl9iYWNrZW5kIjoiZGphbmdvLmNvbnRyaWIuYXV0aC5iYWNrZW5kcy5Nb2RlbEJhY2tlbmQiLCJfYXV0aF91c2VyX2hhc2giOiI2ZDA4ZDIwNmZmZmM2MWYzMDZhZjBhYzg2N2ZjOTFkNzU3MDU3NDZiIn0=','2018-03-15 18:16:28.666544');
CREATE TABLE "products_product" ("id" integer NOT NULL PRIMARY KEY AUTOINCREMENT, "title" varchar(200) NOT NULL, "description" text NOT NULL, "category_id" integer NULL REFERENCES "products_category" ("id") DEFERRABLE INITIALLY DEFERRED, "price_currency" varchar(3) NOT NULL, "price" decimal NOT NULL, "image" varchar(100) NOT NULL, "slug" varchar(50) NOT NULL);
INSERT INTO "products_product" VALUES(1,'iPhone X','Lorem ipsum dolor sit amet, consectetur adipiscing elit, sed do eiusmod tempor incididunt ut labore et dolore magna aliqua. Ut enim ad minim veniam, quis nostrud exercitation ullamco laboris nisi ut aliquip ex ea commodo consequat.',1,'USD',999.99,'iphonex-spgry-pureangles_gb-en-screen_1.jpeg','iphone-x');
INSERT INTO "products_product" VALUES(2,'iPhone 7','Lorem ipsum dolor sit amet, consectetur adipiscing elit, sed do eiusmod tempor incididunt ut labore et dolore magna aliqua. Ut enim ad minim veniam, quis nostrud exercitation ullamco laboris nisi ut aliquip ex ea commodo consequat.',1,'USD',699,'pdp-feature4-d-iphone7-bn-v2.jpeg','iphone-7');
INSERT INTO "products_product" VALUES(3,'iPhone SE','Lorem ipsum dolor sit amet, consectetur adipiscing elit, sed do eiusmod tempor incididunt ut labore et dolore magna aliqua. Ut enim ad minim veniam, quis nostrud exercitation ullamco laboris nisi ut aliquip ex ea commodo consequat.',1,'USD',111,'iphone_se_pure_angles_rsgld_2_lVS39GI.png','iphone-111');
INSERT INTO "products_product" VALUES(4,'iPad Pro','Lorem ipsum dolor sit amet, consectetur adipiscing elit, sed do eiusmod tempor incididunt ut labore et dolore magna aliqua. Ut enim ad minim veniam, quis nostrud exercitation ullamco laboris nisi ut aliquip ex ea commodo consequat.',2,'USD',899.99,'edd93af02fb1ebf073cfe7792a342a9e.jpg','ipad-pro');
INSERT INTO "products_product" VALUES(5,'iPad 9.7"','Lorem ipsum dolor sit amet, consectetur adipiscing elit, sed do eiusmod tempor incididunt ut labore et dolore magna aliqua. Ut enim ad minim veniam, quis nostrud exercitation ullamco laboris nisi ut aliquip ex ea commodo consequat.',2,'USD',499,'ipad-wifi-select-silver-201703.jpeg','ipad-9-7');
INSERT INTO "products_product" VALUES(6,'MacBook Pro 15" 2016','Lorem ipsum dolor sit amet, consectetur adipiscing elit, sed do eiusmod tempor incididunt ut labore et dolore magna aliqua. Ut enim ad minim veniam, quis nostrud exercitation ullamco laboris nisi ut aliquip ex ea commodo consequat.',3,'USD',1399.99,'refurb-2013-macbookpro-15-gallery.jpeg','macbook-pro-15-2016');
INSERT INTO "products_product" VALUES(7,'MacBook Air 13" 2015','Lorem ipsum dolor sit amet, consectetur adipiscing elit, sed do eiusmod tempor incididunt ut labore et dolore magna aliqua. Ut enim ad minim veniam, quis nostrud exercitation ullamco laboris nisi ut aliquip ex ea commodo consequat',3,'USD',999.99,'mbair_cno.jpg','macbook-air-13');
INSERT INTO "products_product" VALUES(8,'iPhone 7 Plus','Lorem ipsum dolor sit amet, consectetur adipiscing elit, sed do eiusmod tempor incididunt ut labore et dolore magna aliqua. Ut enim ad minim veniam, quis nostrud exercitation ullamco laboris nisi ut aliquip ex ea commodo consequat.',1,'USD',799.99,'iphone_7plus_pure_angles_mblk_1.png','iphone-7-plus');
INSERT INTO "products_product" VALUES(9,'iPhone 8','Lorem ipsum dolor sit amet, consectetur adipiscing elit, sed do eiusmod tempor incididunt ut labore et dolore magna aliqua. Ut enim ad minim veniam, quis nostrud exercitation ullamco laboris nisi ut aliquip ex ea commodo consequat.',1,'USD',699.99,'30030152b.jpg','iphone-8');
INSERT INTO "products_product" VALUES(10,'Google Pixel 2','Lorem ipsum dolor sit amet, consectetur adipiscing elit, sed do eiusmod tempor incididunt ut labore et dolore magna aliqua. Ut enim ad minim veniam, quis nostrud exercitation ullamco laboris nisi ut aliquip ex ea commodo consequat.',1,'USD',899.99,'02.jpg','google-pixel-2');
INSERT INTO "products_product" VALUES(11,'Xiaomi Mi Mix 2','Lorem ipsum dolor sit amet, consectetur adipiscing elit, sed do eiusmod tempor incididunt ut labore et dolore magna aliqua. Ut enim ad minim veniam, quis nostrud exercitation ullamco laboris nisi ut aliquip ex ea commodo consequat.',1,'USD',599.99,'16b793715b33bbbda1960ec6c0127d23.jpg','mi-mix-2');
INSERT INTO "products_product" VALUES(12,'iPad Air 2','Lorem ipsum dolor sit amet, consectetur adipiscing elit, sed do eiusmod tempor incididunt ut labore et dolore magna aliqua. Ut enim ad minim veniam, quis nostrud exercitation ullamco laboris nisi ut aliquip ex ea commodo consequat.',2,'USD',299,'30030152b_tM36pdV.jpg','ipad-air-2');
INSERT INTO "products_product" VALUES(13,'Mac Pro','Lorem ipsum dolor sit amet, consectetur adipiscing elit, sed do eiusmod tempor incididunt ut labore et dolore magna aliqua. Ut enim ad minim veniam, quis nostrud exercitation ullamco laboris nisi ut aliquip ex ea commodo consequat.',4,'USD',2999,'30020066b_XDBI9Sa.jpg','mac-pro');
INSERT INTO "products_product" VALUES(14,'iPhone 8 Plus','Lorem ipsum dolor sit amet, consectetur adipiscing elit, sed do eiusmod tempor incididunt ut labore et dolore magna aliqua. Ut enim ad minim veniam, quis nostrud exercitation ullamco laboris nisi ut aliquip ex ea commodo consequat.',1,'USD',799,'iphone8-plus-silver-select-2017.jpeg','iphone-8-plus');
INSERT INTO "products_product" VALUES(20,'iDildo','Lorem ipsum dolor sit amet, consectetur adipiscing elit, sed do eiusmod tempor incididunt ut labore et dolore magna aliqua. Ut enim ad minim veniam, quis nostrud exercitation ullamco laboris nisi ut aliquip ex ea commodo consequat',1,'USD',399,'538681-578830-350x350.jpg','idildo');
INSERT INTO "products_product" VALUES(22,'AirPods','Lorem ipsum dolor sit amet, consectetur adipiscing elit, sed do eiusmod tempor incididunt ut labore et dolore magna aliqua. Ut enim ad minim veniam, quis nostrud exercitation ullamco laboris nisi ut aliquip ex ea commodo consequat',1,'USD',199,'naushniki-apple-airpods-.jpg','airpods');
INSERT INTO "products_product" VALUES(24,'Xiaomi Redmi Note 4 Pro','Lorem ipsum dolor sit amet, consectetur adipiscing elit, sed do eiusmod tempor incididunt ut labore et dolore magna aliqua. Ut enim ad minim veniam, quis nostrud exercitation ullamco laboris nisi ut aliquip ex ea commodo consequat.',1,'USD',249,'xiaomi-redmi-note4-INT-black_0_1_600x600_59e60.jpg','xiaomi-redmi-note-4-pro');
CREATE TABLE "products_category" ("id" integer NOT NULL PRIMARY KEY AUTOINCREMENT, "title" varchar(200) NOT NULL, "slug" varchar(50) NOT NULL);
INSERT INTO "products_category" VALUES(1,'Phones','Phones');
INSERT INTO "products_category" VALUES(2,'Tablets','Tablets');
INSERT INTO "products_category" VALUES(3,'Notebooks','Notebooks');
INSERT INTO "products_category" VALUES(4,'PCs','PCs');
CREATE TABLE "products_order" ("id" integer NOT NULL PRIMARY KEY AUTOINCREMENT, "customer_name" varchar(50) NOT NULL, "customer_phone_number" varchar(15) NOT NULL, "product_id" integer NOT NULL REFERENCES "products_product" ("id") DEFERRABLE INITIALLY DEFERRED, "user_id" integer NOT NULL REFERENCES "auth_user" ("id") DEFERRABLE INITIALLY DEFERRED);
/**** ERROR: (11) database disk image is malformed *****/
/**** ERROR: (11) database disk image is malformed *****/
DELETE FROM sqlite_sequence;
INSERT INTO "sqlite_sequence" VALUES('django_migrations',34);
INSERT INTO "sqlite_sequence" VALUES('django_admin_log',68);
INSERT INTO "sqlite_sequence" VALUES('django_content_type',9);
INSERT INTO "sqlite_sequence" VALUES('auth_permission',27);
INSERT INTO "sqlite_sequence" VALUES('auth_user',2);
INSERT INTO "sqlite_sequence" VALUES('products_product',24);
INSERT INTO "sqlite_sequence" VALUES('products_category',4);
INSERT INTO "sqlite_sequence" VALUES('products_order',5);
CREATE UNIQUE INDEX auth_group_permissions_group_id_permission_id_0cd325b0_uniq ON "auth_group_permissions" ("group_id", "permission_id");
CREATE INDEX "auth_group_permissions_group_id_b120cbf9" ON "auth_group_permissions" ("group_id");
CREATE INDEX "auth_group_permissions_permission_id_84c5c92e" ON "auth_group_permissions" ("permission_id");
CREATE UNIQUE INDEX auth_user_groups_user_id_group_id_94350c0c_uniq ON "auth_user_groups" ("user_id", "group_id");
CREATE INDEX "auth_user_groups_user_id_6a12ed8b" ON "auth_user_groups" ("user_id");
CREATE INDEX "auth_user_groups_group_id_97559544" ON "auth_user_groups" ("group_id");
CREATE UNIQUE INDEX auth_user_user_permissions_user_id_permission_id_14a6b632_uniq ON "auth_user_user_permissions" ("user_id", "permission_id");
CREATE INDEX "auth_user_user_permissions_user_id_a95ead1b" ON "auth_user_user_permissions" ("user_id");
CREATE INDEX "auth_user_user_permissions_permission_id_1fbb5f2c" ON "auth_user_user_permissions" ("permission_id");
CREATE INDEX "django_admin_log_content_type_id_c4bce8eb" ON "django_admin_log" ("content_type_id");
CREATE INDEX "django_admin_log_user_id_c564eba6" ON "django_admin_log" ("user_id");
CREATE UNIQUE INDEX django_content_type_app_label_model_76bd3d3b_uniq ON "django_content_type" ("app_label", "model");
CREATE UNIQUE INDEX auth_permission_content_type_id_codename_01ab375a_uniq ON "auth_permission" ("content_type_id", "codename");
CREATE INDEX "auth_permission_content_type_id_2f476e4b" ON "auth_permission" ("content_type_id");
CREATE INDEX "django_session_expire_date_a5c62663" ON "django_session" ("expire_date");
CREATE INDEX "products_product_category_id_9b594869" ON "products_product" ("category_id");
CREATE INDEX "products_product_slug_70d3148d" ON "products_product" ("slug");
CREATE INDEX "products_category_slug_c558efae" ON "products_category" ("slug");
CREATE INDEX "products_order_product_id_a3214026" ON "products_order" ("product_id");
CREATE INDEX "products_order_user_id_dfb540d8" ON "products_order" ("user_id");
COMMIT;
